-- MySQL dump 10.13  Distrib 5.7.29, for Linux (x86_64)
--
-- Host: localhost    Database: Mayo2020
-- ------------------------------------------------------
-- Server version	5.7.29-0ubuntu0.18.04.1

/*!40101 SET @OLD_CHARACTER_SET_CLIENT=@@CHARACTER_SET_CLIENT */;
/*!40101 SET @OLD_CHARACTER_SET_RESULTS=@@CHARACTER_SET_RESULTS */;
/*!40101 SET @OLD_COLLATION_CONNECTION=@@COLLATION_CONNECTION */;
/*!40101 SET NAMES utf8 */;
/*!40103 SET @OLD_TIME_ZONE=@@TIME_ZONE */;
/*!40103 SET TIME_ZONE='+00:00' */;
/*!40014 SET @OLD_UNIQUE_CHECKS=@@UNIQUE_CHECKS, UNIQUE_CHECKS=0 */;
/*!40014 SET @OLD_FOREIGN_KEY_CHECKS=@@FOREIGN_KEY_CHECKS, FOREIGN_KEY_CHECKS=0 */;
/*!40101 SET @OLD_SQL_MODE=@@SQL_MODE, SQL_MODE='NO_AUTO_VALUE_ON_ZERO' */;
/*!40111 SET @OLD_SQL_NOTES=@@SQL_NOTES, SQL_NOTES=0 */;

-- -----------------------------------------------------
-- Schema Mayo2020
-- -----------------------------------------------------
DROP SCHEMA IF EXISTS `Mayo2020` ;

-- -----------------------------------------------------
-- Schema Mayo2020
-- -----------------------------------------------------
CREATE SCHEMA IF NOT EXISTS `Mayo2020` DEFAULT CHARACTER SET utf8 ;
USE `Mayo2020` ;

--
-- Table structure for table `Contacto`
--

DROP TABLE IF EXISTS `Contacto`;
/*!40101 SET @saved_cs_client     = @@character_set_client */;
/*!40101 SET character_set_client = utf8 */;
CREATE TABLE `Contacto` (
  `id` int(11) NOT NULL AUTO_INCREMENT,
  `Persona1_id` int(11) NOT NULL,
  `Persona2_id` int(11) NOT NULL,
  `minutos` int(11) NOT NULL,
  `metros` float NOT NULL,
  `fecha` datetime NOT NULL,
  PRIMARY KEY (`id`),
  KEY `fk_Contacto_Persona_idx` (`Persona1_id`),
  KEY `fk_Contacto_Persona1_idx` (`Persona2_id`),
  CONSTRAINT `fk_Contacto_Persona` FOREIGN KEY (`Persona1_id`) REFERENCES `Persona` (`id`) ON DELETE CASCADE ON UPDATE CASCADE,
  CONSTRAINT `fk_Contacto_Persona1` FOREIGN KEY (`Persona2_id`) REFERENCES `Persona` (`id`) ON DELETE CASCADE ON UPDATE CASCADE
) ENGINE=InnoDB AUTO_INCREMENT=401 DEFAULT CHARSET=utf8;
/*!40101 SET character_set_client = @saved_cs_client */;

--
-- Dumping data for table `Contacto`
--

LOCK TABLES `Contacto` WRITE;
/*!40000 ALTER TABLE `Contacto` DISABLE KEYS */;
INSERT INTO `Contacto` VALUES (1,173,72,1,1.3,'2020-05-13 16:20:01'),(2,104,28,0,1.8,'2020-06-08 18:36:13'),(3,118,46,3,1.3,'2020-06-25 19:32:23'),(4,106,27,5,2.8,'2020-04-14 19:05:04'),(5,117,155,0,2.7,'2020-04-25 20:35:17'),(6,176,131,6,1.8,'2020-05-02 11:50:03'),(7,160,145,8,2.7,'2020-04-29 10:56:51'),(8,18,71,1,1.2,'2020-04-08 22:18:51'),(9,159,92,9,0.9,'2020-04-03 09:02:44'),(10,145,184,9,2.1,'2020-04-28 16:19:47'),(11,53,180,9,3.3,'2020-04-24 20:25:49'),(12,180,170,7,0.9,'2020-05-03 12:31:24'),(13,130,4,2,1.5,'2020-06-20 22:27:30'),(14,55,46,2,3.4,'2020-04-24 10:54:18'),(15,107,145,9,2.5,'2020-05-07 08:54:30'),(16,197,40,0,2.8,'2020-04-07 09:38:46'),(17,10,153,8,0.9,'2020-06-10 13:46:37'),(18,41,94,9,0.2,'2020-05-18 17:35:52'),(19,164,197,4,0.9,'2020-04-02 17:56:18'),(20,80,150,6,1.3,'2020-04-22 19:53:50'),(21,85,7,8,1.9,'2020-05-10 13:29:37'),(22,194,48,6,3.3,'2020-05-21 21:04:22'),(23,34,103,4,2,'2020-04-22 21:38:49'),(24,10,113,5,1.3,'2020-05-29 09:31:53'),(25,58,169,3,0.8,'2020-05-09 19:40:28'),(26,109,150,10,0.8,'2020-06-29 10:55:25'),(27,45,182,5,2.1,'2020-05-17 12:15:00'),(28,27,33,8,2.3,'2020-04-19 17:41:58'),(29,200,80,7,-0.3,'2020-06-12 18:11:05'),(30,131,66,6,1.9,'2020-04-10 16:41:34'),(31,195,167,4,2.4,'2020-04-01 15:59:53'),(32,41,14,5,1.5,'2020-06-07 08:48:51'),(33,4,98,4,4.7,'2020-06-19 08:20:37'),(34,34,90,10,2.4,'2020-04-19 19:16:43'),(35,42,168,4,3.7,'2020-04-15 18:21:26'),(36,196,175,8,2.5,'2020-04-19 12:56:45'),(37,164,12,6,1.5,'2020-06-11 12:30:21'),(38,133,121,5,3.1,'2020-05-04 11:55:27'),(39,102,26,0,2.5,'2020-06-25 08:19:18'),(40,166,118,6,1.7,'2020-05-05 11:27:50'),(41,52,70,8,0.4,'2020-04-22 11:51:34'),(42,92,80,4,1.4,'2020-05-21 22:50:52'),(43,96,27,2,2.7,'2020-05-11 22:39:12'),(44,171,157,10,1.9,'2020-05-24 22:14:30'),(45,63,145,1,0.8,'2020-05-20 09:07:50'),(46,200,108,0,2.8,'2020-05-18 19:58:26'),(47,183,160,9,3.2,'2020-06-07 20:56:43'),(48,172,135,9,1.3,'2020-04-05 20:17:12'),(49,147,3,9,1.2,'2020-05-17 08:36:48'),(50,15,168,0,1.6,'2020-06-25 21:43:41'),(51,15,178,3,0.5,'2020-06-23 08:19:39'),(52,30,58,6,2.6,'2020-04-18 18:34:58'),(53,188,88,2,3.3,'2020-05-23 08:20:15'),(54,13,49,6,3.4,'2020-05-16 12:46:29'),(55,25,95,2,2.3,'2020-05-21 15:19:56'),(56,15,167,3,1.1,'2020-04-18 09:44:01'),(57,184,169,9,2.3,'2020-04-10 20:45:09'),(58,27,66,4,1.2,'2020-05-17 08:00:01'),(59,2,171,1,1.3,'2020-04-03 08:55:21'),(60,76,9,1,2.3,'2020-06-27 13:45:59'),(61,193,165,9,2.8,'2020-05-20 19:31:05'),(62,165,118,7,3.1,'2020-05-02 22:00:55'),(63,104,62,2,0.7,'2020-05-17 22:38:05'),(64,125,71,1,3.4,'2020-06-10 20:09:56'),(65,36,28,3,4.2,'2020-05-22 17:26:06'),(66,104,40,1,1.6,'2020-06-28 08:17:06'),(67,126,117,4,3.2,'2020-06-29 13:37:17'),(68,147,34,0,1.7,'2020-06-06 18:35:24'),(69,86,92,1,1.4,'2020-05-04 14:15:20'),(70,181,162,2,0.7,'2020-06-06 15:52:38'),(71,200,175,0,2,'2020-06-15 15:37:11'),(72,102,98,7,1.3,'2020-06-10 21:22:34'),(73,66,138,3,2.3,'2020-04-07 21:50:25'),(74,74,26,6,1.5,'2020-05-07 09:34:17'),(75,26,40,2,1.4,'2020-05-21 13:29:37'),(76,70,40,3,3.1,'2020-05-29 09:16:02'),(77,30,73,8,1.6,'2020-06-18 10:13:16'),(78,163,137,5,3.4,'2020-04-14 09:15:13'),(79,119,148,7,2,'2020-06-14 16:06:00'),(80,113,12,5,3.2,'2020-06-09 08:40:58'),(81,174,110,6,2.2,'2020-05-14 14:01:30'),(82,184,5,0,0.8,'2020-05-30 12:59:55'),(83,58,12,7,1.1,'2020-06-12 16:36:01'),(84,188,52,3,3,'2020-04-23 16:42:13'),(85,193,83,0,0.7,'2020-05-12 20:20:21'),(86,13,148,8,3.2,'2020-06-13 12:32:42'),(87,152,128,3,2.2,'2020-05-16 17:12:35'),(88,200,39,1,2.3,'2020-04-08 22:07:22'),(89,121,170,2,1,'2020-04-29 22:03:19'),(90,190,175,3,1.8,'2020-04-30 13:29:59'),(91,175,20,7,1.9,'2020-04-16 09:25:43'),(92,93,105,2,2.8,'2020-06-26 21:26:03'),(93,62,143,1,3.5,'2020-06-29 13:28:46'),(94,39,84,9,0.7,'2020-04-16 15:32:52'),(95,12,170,3,2,'2020-05-14 11:11:45'),(96,150,74,6,2.6,'2020-05-28 11:39:47'),(97,191,167,0,3.1,'2020-04-03 16:06:16'),(98,109,98,1,2.1,'2020-06-18 10:04:39'),(99,153,14,3,1.9,'2020-06-12 14:45:47'),(100,41,168,9,4.3,'2020-05-11 10:07:27'),(101,62,4,9,1.2,'2020-04-05 18:58:47'),(102,35,181,2,2.5,'2020-04-05 21:57:27'),(103,47,142,8,2.3,'2020-06-30 16:50:55'),(104,155,149,10,2.2,'2020-04-12 08:11:24'),(105,147,75,10,2.9,'2020-04-16 09:36:32'),(106,97,17,7,2.1,'2020-06-27 21:13:27'),(107,59,165,6,2.3,'2020-05-20 09:06:06'),(108,79,102,4,2.1,'2020-05-03 09:14:52'),(109,10,174,6,1.1,'2020-04-13 16:22:48'),(110,22,20,8,1.2,'2020-06-16 16:06:15'),(111,16,33,6,1.6,'2020-06-05 09:49:54'),(112,134,187,7,0.7,'2020-05-01 15:41:49'),(113,127,181,0,2.2,'2020-05-17 14:01:20'),(114,107,156,7,2,'2020-04-26 08:19:39'),(115,192,153,1,1.4,'2020-06-07 19:43:17'),(116,161,186,1,1.9,'2020-05-08 22:27:52'),(117,15,6,7,3.3,'2020-05-22 21:06:43'),(118,11,25,6,2,'2020-04-07 16:59:47'),(119,8,6,7,1.6,'2020-06-24 11:59:23'),(120,142,71,6,2.4,'2020-04-02 21:47:55'),(121,82,37,7,3.2,'2020-05-06 09:17:58'),(122,34,84,10,2.9,'2020-04-19 11:08:22'),(123,62,162,3,2.4,'2020-04-26 12:06:47'),(124,169,146,9,1.8,'2020-05-11 16:22:51'),(125,125,110,3,0.2,'2020-05-26 22:18:02'),(126,146,78,7,1,'2020-04-28 17:52:18'),(127,178,11,1,2.4,'2020-06-11 10:39:48'),(128,83,150,1,1.8,'2020-04-16 09:04:40'),(129,9,182,1,1.4,'2020-04-02 08:59:14'),(130,169,53,6,2.8,'2020-04-02 15:37:03'),(131,111,179,10,-0.1,'2020-06-27 17:27:52'),(132,96,8,1,1.4,'2020-04-10 17:36:54'),(133,26,23,2,1.8,'2020-05-17 09:08:57'),(134,119,134,1,2.6,'2020-04-06 15:15:04'),(135,73,85,5,0.3,'2020-05-24 15:04:13'),(136,163,139,3,0.6,'2020-04-20 15:13:57'),(137,167,82,7,2.6,'2020-04-01 10:33:04'),(138,180,116,8,0.8,'2020-05-09 15:13:02'),(139,11,50,0,3.8,'2020-06-19 08:40:05'),(140,65,157,10,1.9,'2020-06-15 11:07:12'),(141,166,13,8,2.3,'2020-04-30 12:39:27'),(142,46,106,5,1.4,'2020-06-15 14:08:35'),(143,135,49,3,1.1,'2020-05-01 15:24:28'),(144,198,39,4,3.7,'2020-05-25 17:03:21'),(145,180,62,3,3.6,'2020-06-03 20:13:53'),(146,71,157,7,1.3,'2020-04-06 21:17:37'),(147,10,104,7,2.5,'2020-04-29 21:06:45'),(148,1,139,6,2.3,'2020-06-04 08:57:58'),(149,50,27,6,1.5,'2020-06-17 20:55:23'),(150,185,98,10,1.6,'2020-05-27 22:33:40'),(151,39,104,4,3.9,'2020-04-10 21:12:33'),(152,40,41,0,2,'2020-04-04 21:53:36'),(153,174,197,3,2.7,'2020-04-14 12:20:17'),(154,189,199,4,3.6,'2020-04-18 17:09:16'),(155,18,75,2,0.9,'2020-05-04 10:04:31'),(156,37,115,7,1.4,'2020-05-18 14:42:28'),(157,102,33,1,2.6,'2020-04-25 18:28:56'),(158,51,49,1,3.7,'2020-06-18 08:34:40'),(159,16,151,4,0.7,'2020-04-22 18:29:33'),(160,146,117,3,3.1,'2020-05-15 09:21:37'),(161,174,173,9,2.8,'2020-05-18 13:16:39'),(162,79,116,6,3.3,'2020-06-13 22:07:12'),(163,53,110,2,1.2,'2020-05-18 13:57:05'),(164,148,172,6,0.5,'2020-04-06 18:40:48'),(165,189,126,5,1.5,'2020-04-16 20:41:28'),(166,139,80,3,0.3,'2020-04-09 22:21:58'),(167,89,107,1,2,'2020-05-21 14:12:25'),(168,150,110,1,3.5,'2020-04-12 14:42:55'),(169,25,120,7,4.1,'2020-06-28 19:19:35'),(170,60,168,4,2.6,'2020-05-03 09:44:45'),(171,103,24,1,0,'2020-05-08 12:45:15'),(172,155,51,7,0.7,'2020-06-02 15:30:59'),(173,163,60,3,2.3,'2020-05-27 14:03:06'),(174,39,47,3,1.1,'2020-05-19 16:35:25'),(175,180,107,5,2.5,'2020-04-03 08:13:18'),(176,1,177,7,1.3,'2020-05-02 18:26:05'),(177,79,159,8,3.4,'2020-05-17 20:17:56'),(178,188,66,3,4.2,'2020-04-04 13:43:36'),(179,18,109,9,1.5,'2020-04-06 16:58:31'),(180,22,121,10,1.8,'2020-06-29 20:43:26'),(181,77,196,8,2.5,'2020-05-28 12:20:22'),(182,158,138,6,2.6,'2020-04-08 18:30:09'),(183,156,177,7,2.9,'2020-06-11 21:34:11'),(184,85,33,2,1.9,'2020-04-27 14:32:01'),(185,119,49,2,2.3,'2020-04-07 20:01:14'),(186,146,147,2,1.7,'2020-06-10 12:42:34'),(187,119,121,6,1.5,'2020-06-17 17:11:10'),(188,68,129,2,2.5,'2020-06-05 09:25:12'),(189,69,129,10,4.7,'2020-05-18 21:04:11'),(190,126,86,0,0.9,'2020-06-30 11:27:16'),(191,93,111,6,1.5,'2020-04-04 19:33:05'),(192,47,123,5,2.4,'2020-05-27 14:04:20'),(193,191,134,1,1.6,'2020-04-04 14:50:59'),(194,176,100,9,2.5,'2020-04-18 09:16:47'),(195,102,37,3,2.4,'2020-06-15 08:45:05'),(196,78,60,5,2.7,'2020-06-18 19:39:37'),(197,35,4,2,1.4,'2020-05-19 22:41:19'),(198,111,55,10,1.6,'2020-05-25 08:28:40'),(199,20,112,7,0.1,'2020-06-14 10:37:36'),(200,178,173,9,2.7,'2020-06-09 11:32:03'),(201,153,31,6,0.2,'2020-05-14 21:06:49'),(202,30,7,7,1.2,'2020-04-08 17:34:15'),(203,107,9,7,2.8,'2020-04-05 09:02:52'),(204,32,81,0,0.7,'2020-05-04 08:58:01'),(205,87,17,1,1.9,'2020-05-18 17:28:28'),(206,165,99,0,2.3,'2020-06-02 20:43:13'),(207,129,177,3,2.8,'2020-05-26 21:06:11'),(208,161,40,5,1.1,'2020-05-16 22:21:30'),(209,66,88,4,-0.1,'2020-06-04 20:31:20'),(210,31,131,0,1.7,'2020-06-29 17:12:58'),(211,187,87,9,0.9,'2020-06-16 13:23:28'),(212,16,116,6,2.1,'2020-04-08 09:38:59'),(213,197,76,6,1.2,'2020-05-26 16:03:14'),(214,119,143,1,3,'2020-04-08 13:39:22'),(215,15,137,0,0.6,'2020-04-17 11:16:43'),(216,169,190,6,2.5,'2020-06-05 11:17:06'),(217,192,72,1,3.4,'2020-06-20 15:00:13'),(218,158,86,8,2.6,'2020-05-13 11:32:36'),(219,1,53,8,1.9,'2020-04-29 14:38:43'),(220,33,110,1,3.8,'2020-06-09 08:48:44'),(221,36,125,10,1.7,'2020-05-10 21:51:53'),(222,85,52,5,3.2,'2020-06-17 21:54:09'),(223,142,5,0,2,'2020-04-16 08:51:44'),(224,44,30,0,1.3,'2020-05-21 14:27:36'),(225,120,132,4,3.3,'2020-04-18 20:34:32'),(226,108,92,4,1.8,'2020-04-03 09:09:47'),(227,10,143,9,1.6,'2020-04-01 20:11:17'),(228,16,56,0,1.2,'2020-04-19 10:32:43'),(229,21,195,0,2.5,'2020-05-28 20:59:15'),(230,66,171,5,1.7,'2020-04-19 17:05:21'),(231,117,146,0,1.2,'2020-05-27 22:33:57'),(232,141,51,1,1.2,'2020-04-23 18:11:29'),(233,144,97,4,3.4,'2020-06-09 16:21:57'),(234,138,4,1,1,'2020-06-21 15:20:59'),(235,5,22,7,2.1,'2020-06-21 18:38:21'),(236,13,129,8,1.2,'2020-06-28 13:38:33'),(237,75,52,7,1.4,'2020-06-22 22:27:44'),(238,68,125,3,0.8,'2020-05-26 10:15:16'),(239,112,72,10,0.3,'2020-04-04 17:47:58'),(240,118,50,10,1.3,'2020-05-23 17:14:09'),(241,73,48,5,1.6,'2020-05-13 14:39:20'),(242,145,170,6,2.1,'2020-06-09 22:35:38'),(243,145,17,0,2.8,'2020-04-13 15:20:17'),(244,107,126,0,2,'2020-04-05 11:02:56'),(245,181,166,3,2.3,'2020-04-21 19:26:30'),(246,13,156,2,0,'2020-04-12 17:07:08'),(247,16,103,5,3.9,'2020-05-13 13:22:28'),(248,136,4,9,1.9,'2020-05-02 09:26:30'),(249,39,33,1,3.7,'2020-05-22 20:14:59'),(250,11,31,2,2.8,'2020-06-16 12:15:12'),(251,21,190,0,3.1,'2020-04-01 22:01:30'),(252,122,20,9,2,'2020-05-19 15:47:06'),(253,26,117,10,2.2,'2020-05-14 21:27:51'),(254,1,43,3,1.7,'2020-05-21 21:19:40'),(255,151,139,3,1.2,'2020-04-20 15:17:38'),(256,137,104,10,1.4,'2020-05-02 18:15:45'),(257,8,59,6,3.8,'2020-04-13 09:58:58'),(258,61,198,10,1.8,'2020-05-14 20:39:41'),(259,190,98,6,1.3,'2020-04-05 11:05:30'),(260,47,50,10,0.1,'2020-05-04 20:27:48'),(261,167,54,6,1.5,'2020-06-06 08:09:37'),(262,195,98,6,2.7,'2020-04-05 13:28:09'),(263,171,123,7,1.5,'2020-04-26 22:14:11'),(264,56,191,4,2.2,'2020-04-22 11:43:56'),(265,181,129,10,2.6,'2020-04-21 13:42:24'),(266,9,48,7,1.1,'2020-06-17 19:15:12'),(267,80,188,3,4.1,'2020-04-24 14:51:05'),(268,67,119,6,2.2,'2020-06-13 14:40:14'),(269,200,145,9,1.3,'2020-05-24 22:45:29'),(270,55,115,1,3.7,'2020-04-01 12:30:04'),(271,195,162,0,3,'2020-05-29 22:53:48'),(272,44,112,3,0.9,'2020-06-09 22:03:49'),(273,65,36,10,2.9,'2020-06-24 17:59:43'),(274,121,130,6,-0.5,'2020-06-08 15:16:38'),(275,178,185,6,3.1,'2020-04-20 20:32:36'),(276,165,124,9,3.1,'2020-04-04 12:43:43'),(277,4,197,7,2.6,'2020-06-26 10:35:06'),(278,169,143,10,1.8,'2020-06-12 21:40:51'),(279,8,112,3,1.3,'2020-05-07 16:05:07'),(280,136,158,0,1.2,'2020-04-25 08:18:17'),(281,61,47,9,3.3,'2020-06-25 20:01:27'),(282,158,56,9,0.9,'2020-05-25 14:28:35'),(283,185,22,10,2.9,'2020-06-07 11:32:43'),(284,156,124,3,0.6,'2020-06-09 15:45:13'),(285,10,157,1,2.3,'2020-04-29 17:16:34'),(286,68,122,5,2.9,'2020-04-17 14:51:42'),(287,65,128,7,1.8,'2020-04-25 09:42:52'),(288,155,123,6,2.6,'2020-04-14 10:36:11'),(289,107,15,5,2.2,'2020-06-17 16:45:04'),(290,128,63,8,3,'2020-06-25 15:13:11'),(291,175,148,4,3.2,'2020-04-26 12:28:03'),(292,157,121,8,1.8,'2020-05-02 18:29:00'),(293,190,31,2,2.4,'2020-05-11 19:04:27'),(294,140,57,5,2.5,'2020-05-16 18:14:41'),(295,97,160,9,1.3,'2020-04-03 21:41:52'),(296,81,51,1,1.3,'2020-04-19 22:39:17'),(297,16,18,5,1,'2020-06-02 14:38:49'),(298,29,116,9,2.4,'2020-05-30 16:32:26'),(299,146,66,8,1.3,'2020-06-02 14:46:31'),(300,170,140,2,2.4,'2020-05-29 14:20:11'),(301,72,6,4,1.8,'2020-06-21 09:47:20'),(302,174,157,7,0.4,'2020-06-21 12:10:24'),(303,18,170,10,1.7,'2020-04-09 08:02:42'),(304,198,2,4,1,'2020-06-22 22:50:27'),(305,69,140,3,2.3,'2020-06-07 18:48:59'),(306,168,28,1,2.1,'2020-04-17 22:31:32'),(307,199,48,8,0.6,'2020-05-22 12:49:48'),(308,92,126,2,1.9,'2020-04-22 20:08:02'),(309,9,126,6,2.1,'2020-04-02 08:55:53'),(310,8,17,1,1.8,'2020-04-23 11:43:29'),(311,23,135,2,2.7,'2020-05-02 15:07:40'),(312,142,27,10,2.7,'2020-04-20 22:14:20'),(313,6,176,5,3.5,'2020-04-12 08:49:51'),(314,164,121,4,1.1,'2020-04-17 17:17:55'),(315,67,94,2,2.4,'2020-06-09 10:25:49'),(316,47,139,3,1.2,'2020-06-21 14:20:54'),(317,180,48,5,2.7,'2020-04-04 08:10:13'),(318,61,143,8,2.5,'2020-05-11 12:35:38'),(319,117,51,6,3.3,'2020-06-25 17:26:38'),(320,14,135,6,1.7,'2020-05-02 14:07:02'),(321,105,151,10,3.7,'2020-05-13 16:48:18'),(322,62,173,3,1.1,'2020-04-23 09:28:38'),(323,34,40,7,1.5,'2020-06-11 08:44:45'),(324,73,126,5,3.2,'2020-06-17 11:50:27'),(325,95,24,0,1.5,'2020-04-18 08:13:06'),(326,147,98,9,2.3,'2020-04-08 14:53:19'),(327,17,8,0,2.2,'2020-05-24 11:23:30'),(328,158,137,4,1.8,'2020-06-07 13:50:40'),(329,122,128,0,2,'2020-05-16 17:06:40'),(330,149,114,1,1.6,'2020-04-09 08:16:07'),(331,41,130,7,1.3,'2020-06-15 14:20:16'),(332,125,182,2,1.2,'2020-06-21 14:12:37'),(333,60,102,4,2,'2020-05-02 20:14:32'),(334,94,108,9,0.8,'2020-06-29 10:37:15'),(335,191,77,8,1.3,'2020-06-09 08:10:00'),(336,114,174,2,2.8,'2020-04-28 22:14:25'),(337,6,53,3,3.6,'2020-06-02 13:15:10'),(338,143,179,0,2.9,'2020-06-02 08:41:04'),(339,17,83,6,2.3,'2020-05-18 18:35:07'),(340,55,77,9,2.6,'2020-06-03 16:49:48'),(341,57,136,0,3,'2020-04-08 16:16:13'),(342,10,180,10,4,'2020-04-15 15:53:56'),(343,100,144,3,-1.1,'2020-05-12 20:46:19'),(344,157,31,0,3.3,'2020-05-25 22:33:16'),(345,48,22,9,3.5,'2020-05-13 08:28:41'),(346,64,163,10,1,'2020-04-11 20:16:55'),(347,120,200,4,2.1,'2020-05-14 19:03:34'),(348,18,40,0,1.9,'2020-06-02 19:49:40'),(349,97,182,4,2.6,'2020-05-07 11:24:07'),(350,38,104,6,1,'2020-06-24 12:59:01'),(351,168,73,10,2.5,'2020-06-05 14:18:41'),(352,92,154,0,1.1,'2020-06-16 21:06:40'),(353,106,136,6,3.1,'2020-04-25 18:08:14'),(354,15,155,1,2,'2020-06-19 11:35:43'),(355,141,118,4,2.3,'2020-05-30 09:11:09'),(356,28,42,8,3,'2020-05-18 20:33:57'),(357,168,126,3,2.2,'2020-05-02 09:42:41'),(358,161,49,3,3.4,'2020-05-19 12:36:05'),(359,127,105,4,2.5,'2020-06-22 19:37:16'),(360,9,91,5,3.9,'2020-06-17 21:20:50'),(361,2,116,1,3.8,'2020-05-16 19:15:40'),(362,110,179,1,3.1,'2020-04-02 18:53:33'),(363,16,22,5,3.6,'2020-04-06 08:49:21'),(364,109,121,6,1.1,'2020-05-27 19:09:11'),(365,162,73,5,2.9,'2020-05-07 08:53:38'),(366,59,185,0,2.5,'2020-06-21 10:30:17'),(367,162,20,1,1.4,'2020-05-25 17:32:54'),(368,165,81,6,3.8,'2020-05-09 12:56:39'),(369,14,116,7,2.8,'2020-05-24 19:44:32'),(370,186,75,0,2.9,'2020-05-13 14:41:36'),(371,193,160,7,1.7,'2020-06-07 15:26:11'),(372,41,38,4,1.6,'2020-04-04 11:19:28'),(373,40,89,0,1.2,'2020-05-10 17:08:10'),(374,141,5,8,2.4,'2020-06-15 15:32:55'),(375,135,80,3,1.8,'2020-05-06 21:35:59'),(376,155,117,7,0.8,'2020-05-19 19:32:02'),(377,179,66,0,1.4,'2020-05-10 08:23:49'),(378,195,123,3,1.3,'2020-04-23 20:23:16'),(379,77,56,9,2.4,'2020-06-20 12:14:01'),(380,53,95,10,0.8,'2020-04-11 19:52:16'),(381,153,181,6,0.9,'2020-04-25 17:06:35'),(382,169,134,7,2.8,'2020-05-03 17:26:08'),(383,28,115,3,1.2,'2020-05-20 20:37:24'),(384,182,49,8,2.6,'2020-06-19 20:53:11'),(385,74,98,2,3,'2020-05-15 12:09:18'),(386,4,46,10,3.2,'2020-06-18 15:02:00'),(387,182,31,5,2.3,'2020-04-03 20:57:01'),(388,168,18,6,3.9,'2020-04-13 08:41:15'),(389,151,166,0,0.8,'2020-05-20 19:16:50'),(390,83,143,3,2.3,'2020-04-16 12:04:23'),(391,1,162,2,0.9,'2020-06-11 21:25:02'),(392,56,38,5,1.6,'2020-04-07 10:18:27'),(393,14,11,6,1.4,'2020-06-30 09:56:26'),(394,108,58,7,2.4,'2020-04-11 19:31:34'),(395,53,12,9,2.6,'2020-06-14 14:07:33'),(396,136,198,2,1.9,'2020-05-09 15:52:54'),(397,90,152,7,2.2,'2020-05-16 17:18:28'),(398,167,80,4,0.8,'2020-04-28 11:55:17'),(399,101,57,4,0.9,'2020-06-29 21:19:14'),(400,102,31,1,1.8,'2020-05-29 11:01:18');
/*!40000 ALTER TABLE `Contacto` ENABLE KEYS */;
UNLOCK TABLES;

--
-- Table structure for table `Municipio`
--

DROP TABLE IF EXISTS `Municipio`;
/*!40101 SET @saved_cs_client     = @@character_set_client */;
/*!40101 SET character_set_client = utf8 */;
CREATE TABLE `Municipio` (
  `id` int(11) NOT NULL AUTO_INCREMENT,
  `nombre` varchar(45) NOT NULL,
  `habitantes` int(11) NOT NULL,
  PRIMARY KEY (`id`),
  UNIQUE KEY `nombre_UNIQUE` (`nombre`)
) ENGINE=InnoDB AUTO_INCREMENT=9 DEFAULT CHARSET=utf8;
/*!40101 SET character_set_client = @saved_cs_client */;

--
-- Dumping data for table `Municipio`
--

LOCK TABLES `Municipio` WRITE;
/*!40000 ALTER TABLE `Municipio` DISABLE KEYS */;
INSERT INTO `Municipio` VALUES (1,'Bilbao',345),(2,'San Sebastián',186),(3,'Vitoria',249),(4,'Barakaldo',100),(5,'Getxo',80),(6,'Irún',61),(7,'Portugalete',47),(8,'Santurtzi',47);
/*!40000 ALTER TABLE `Municipio` ENABLE KEYS */;
UNLOCK TABLES;

--
-- Table structure for table `Persona`
--

DROP TABLE IF EXISTS `Persona`;
/*!40101 SET @saved_cs_client     = @@character_set_client */;
/*!40101 SET character_set_client = utf8 */;
CREATE TABLE `Persona` (
  `id` int(11) NOT NULL AUTO_INCREMENT,
  `temperatura` float NOT NULL,
  `avisado` tinyint(1) NOT NULL,
  `Municipio_id` int(11) NOT NULL,
  PRIMARY KEY (`id`),
  KEY `fk_Persona_Municipio1_idx` (`Municipio_id`),
  CONSTRAINT `fk_Persona_Municipio1` FOREIGN KEY (`Municipio_id`) REFERENCES `Municipio` (`id`) ON DELETE CASCADE ON UPDATE CASCADE
) ENGINE=InnoDB AUTO_INCREMENT=201 DEFAULT CHARSET=utf8;
/*!40101 SET character_set_client = @saved_cs_client */;

--
-- Dumping data for table `Persona`
--

LOCK TABLES `Persona` WRITE;
/*!40000 ALTER TABLE `Persona` DISABLE KEYS */;
INSERT INTO `Persona` VALUES (1,35.2,0,1),(2,36.4,0,8),(3,35.6,0,1),(4,37.8,0,5),(5,36.9,0,1),(6,37.4,0,2),(7,37.1,0,6),(8,36.2,0,1),(9,34.9,0,7),(10,35,0,6),(11,35.5,0,6),(12,36.4,0,7),(13,36.6,0,4),(14,36.5,0,3),(15,35.8,0,2),(16,37.4,0,1),(17,35.6,0,6),(18,34.4,0,6),(19,35.9,0,1),(20,36.5,0,6),(21,35.9,0,6),(22,37.1,0,6),(23,35.7,0,4),(24,35.4,0,6),(25,34.6,0,7),(26,37.2,0,1),(27,36.7,0,8),(28,36.2,0,8),(29,36.8,0,7),(30,35.2,0,8),(31,35.5,0,3),(32,38.5,0,8),(33,36.7,0,6),(34,35.5,0,8),(35,37.6,0,1),(36,35.5,0,1),(37,36.1,0,4),(38,34.8,0,6),(39,34.4,0,6),(40,37.6,0,1),(41,34.2,0,1),(42,34.9,0,4),(43,35.3,0,4),(44,36.1,0,1),(45,36.4,0,2),(46,35.2,0,6),(47,35.6,0,4),(48,35.5,0,3),(49,36.6,0,2),(50,35.1,0,3),(51,37.5,0,3),(52,36.3,0,2),(53,36.6,0,1),(54,36,0,3),(55,35.7,0,8),(56,35.6,0,8),(57,38.3,0,4),(58,37.5,0,3),(59,36,0,2),(60,36.2,0,5),(61,35.5,0,4),(62,35.2,0,3),(63,35,0,4),(64,37,0,6),(65,35.8,0,5),(66,34.5,0,2),(67,36.5,0,4),(68,34,0,2),(69,36.2,0,8),(70,35.2,0,3),(71,36.3,0,6),(72,37.2,0,8),(73,35.6,0,4),(74,38.7,0,3),(75,35.6,0,3),(76,36.8,0,6),(77,37.5,0,4),(78,35.7,0,1),(79,36.9,0,1),(80,37.7,0,3),(81,37,0,3),(82,35.9,0,8),(83,35.7,0,7),(84,35.5,0,4),(85,36.5,0,7),(86,36.5,0,7),(87,37.8,0,8),(88,34.8,0,5),(89,35.2,0,7),(90,36.7,0,2),(91,38.1,0,8),(92,36.5,0,6),(93,36,0,7),(94,35.6,0,6),(95,34.8,0,5),(96,35.2,0,6),(97,37.1,0,5),(98,35.7,0,2),(99,36.4,0,5),(100,33.5,0,8),(101,35.5,0,2),(102,33.4,0,4),(103,35.7,0,8),(104,35.7,0,3),(105,34.5,0,3),(106,36.5,0,8),(107,36.6,0,5),(108,35.2,0,5),(109,37.2,0,7),(110,35.8,0,6),(111,35.5,0,2),(112,35.1,0,7),(113,37.3,0,2),(114,35.4,0,8),(115,34.5,0,1),(116,35.6,0,4),(117,33.5,0,2),(118,35.3,0,7),(119,36.5,0,6),(120,36.3,0,2),(121,34.6,0,4),(122,35.2,0,3),(123,37.6,0,5),(124,36,0,3),(125,35.6,0,6),(126,38,0,7),(127,36.3,0,5),(128,37,0,7),(129,36.1,0,2),(130,34.2,0,4),(131,35.3,0,7),(132,36.8,0,7),(133,34.4,0,1),(134,35.3,0,8),(135,35.8,0,5),(136,35.8,0,3),(137,36.7,0,3),(138,33.4,0,2),(139,36.1,0,7),(140,36.2,0,2),(141,35,0,3),(142,35.2,0,5),(143,36.6,0,4),(144,35.6,0,4),(145,35.5,0,6),(146,36.7,0,8),(147,36.4,0,3),(148,35.5,0,6),(149,36.9,0,7),(150,36.8,0,8),(151,36.6,0,7),(152,34.1,0,3),(153,36.2,0,7),(154,35.7,0,1),(155,35.4,0,4),(156,34.4,0,2),(157,35.7,0,8),(158,35.6,0,1),(159,38.4,0,5),(160,34.5,0,3),(161,34.4,0,7),(162,36,0,7),(163,35.4,0,4),(164,35.2,0,7),(165,34.3,0,5),(166,35.7,0,7),(167,35.4,0,6),(168,35.6,0,6),(169,38.5,0,5),(170,37.6,0,8),(171,37.8,0,3),(172,37.1,0,4),(173,36.6,0,8),(174,35.9,0,2),(175,38.1,0,1),(176,35.1,0,8),(177,36.6,0,6),(178,35.9,0,6),(179,35,0,2),(180,36.3,0,7),(181,36.3,0,1),(182,37.3,0,1),(183,36.5,0,4),(184,35,0,2),(185,37.4,0,7),(186,35.8,0,5),(187,36.2,0,7),(188,36.2,0,3),(189,36.1,0,6),(190,35.5,0,2),(191,36.9,0,1),(192,38.7,0,2),(193,36.8,0,8),(194,37,0,2),(195,35.5,0,8),(196,38.1,0,8),(197,36.5,0,5),(198,35.4,0,7),(199,38.6,0,8),(200,38.5,0,5);
/*!40000 ALTER TABLE `Persona` ENABLE KEYS */;
UNLOCK TABLES;
/*!40103 SET TIME_ZONE=@OLD_TIME_ZONE */;

/*!40101 SET SQL_MODE=@OLD_SQL_MODE */;
/*!40014 SET FOREIGN_KEY_CHECKS=@OLD_FOREIGN_KEY_CHECKS */;
/*!40014 SET UNIQUE_CHECKS=@OLD_UNIQUE_CHECKS */;
/*!40101 SET CHARACTER_SET_CLIENT=@OLD_CHARACTER_SET_CLIENT */;
/*!40101 SET CHARACTER_SET_RESULTS=@OLD_CHARACTER_SET_RESULTS */;
/*!40101 SET COLLATION_CONNECTION=@OLD_COLLATION_CONNECTION */;
/*!40111 SET SQL_NOTES=@OLD_SQL_NOTES */;

-- Dump completed on 2020-05-20 16:41:47
